Check ID,Description,Commands
xccdf_org.cisecurity.benchmarks_rule_1.1.1.1_Ensure_mounting_of_cramfs_filesystems_is_disabled,,oscap oval eval --id CIS_Red_Hat_Enterprise_Linux_8_Benchmark_v1.0.1-oval.xml && oscap oval eval --id CIS_Red_Hat_Enterprise_Linux_8_Benchmark_v1.0.1-oval.xml
xccdf_org.cisecurity.benchmarks_rule_1.1.1.2_Ensure_mounting_of_vFAT_filesystems_is_limited,,oscap oval eval --id CIS_Red_Hat_Enterprise_Linux_8_Benchmark_v1.0.1-oval.xml && oscap oval eval --id CIS_Red_Hat_Enterprise_Linux_8_Benchmark_v1.0.1-oval.xml
xccdf_org.cisecurity.benchmarks_rule_1.1.1.3_Ensure_mounting_of_squashfs_filesystems_is_disabled,,oscap oval eval --id CIS_Red_Hat_Enterprise_Linux_8_Benchmark_v1.0.1-oval.xml && oscap oval eval --id CIS_Red_Hat_Enterprise_Linux_8_Benchmark_v1.0.1-oval.xml
xccdf_org.cisecurity.benchmarks_rule_1.1.1.4_Ensure_mounting_of_udf_filesystems_is_disabled,,oscap oval eval --id CIS_Red_Hat_Enterprise_Linux_8_Benchmark_v1.0.1-oval.xml && oscap oval eval --id CIS_Red_Hat_Enterprise_Linux_8_Benchmark_v1.0.1-oval.xml
xccdf_org.cisecurity.benchmarks_rule_1.1.2_Ensure_tmp_is_configured,,oscap oval eval --id CIS_Red_Hat_Enterprise_Linux_8_Benchmark_v1.0.1-oval.xml
xccdf_org.cisecurity.benchmarks_rule_1.1.3_Ensure_nodev_option_set_on_tmp_partition,,oscap oval eval --id CIS_Red_Hat_Enterprise_Linux_8_Benchmark_v1.0.1-oval.xml
xccdf_org.cisecurity.benchmarks_rule_1.1.4_Ensure_nosuid_option_set_on_tmp_partition,,oscap oval eval --id CIS_Red_Hat_Enterprise_Linux_8_Benchmark_v1.0.1-oval.xml
xccdf_org.cisecurity.benchmarks_rule_1.1.5_Ensure_noexec_option_set_on_tmp_partition,,oscap oval eval --id CIS_Red_Hat_Enterprise_Linux_8_Benchmark_v1.0.1-oval.xml
xccdf_org.cisecurity.benchmarks_rule_1.1.6_Ensure_separate_partition_exists_for_var,,oscap oval eval --id CIS_Red_Hat_Enterprise_Linux_8_Benchmark_v1.0.1-oval.xml
xccdf_org.cisecurity.benchmarks_rule_1.1.7_Ensure_separate_partition_exists_for_vartmp,,oscap oval eval --id CIS_Red_Hat_Enterprise_Linux_8_Benchmark_v1.0.1-oval.xml
xccdf_org.cisecurity.benchmarks_rule_1.1.8_Ensure_nodev_option_set_on_vartmp_partition,,oscap oval eval --id CIS_Red_Hat_Enterprise_Linux_8_Benchmark_v1.0.1-oval.xml
xccdf_org.cisecurity.benchmarks_rule_1.1.9_Ensure_nosuid_option_set_on_vartmp_partition,,oscap oval eval --id CIS_Red_Hat_Enterprise_Linux_8_Benchmark_v1.0.1-oval.xml
xccdf_org.cisecurity.benchmarks_rule_1.1.10_Ensure_noexec_option_set_on_vartmp_partition,,oscap oval eval --id CIS_Red_Hat_Enterprise_Linux_8_Benchmark_v1.0.1-oval.xml
xccdf_org.cisecurity.benchmarks_rule_1.1.11_Ensure_separate_partition_exists_for_varlog,,oscap oval eval --id CIS_Red_Hat_Enterprise_Linux_8_Benchmark_v1.0.1-oval.xml
xccdf_org.cisecurity.benchmarks_rule_1.1.12_Ensure_separate_partition_exists_for_varlogaudit,,oscap oval eval --id CIS_Red_Hat_Enterprise_Linux_8_Benchmark_v1.0.1-oval.xml
xccdf_org.cisecurity.benchmarks_rule_1.1.13_Ensure_separate_partition_exists_for_home,,oscap oval eval --id CIS_Red_Hat_Enterprise_Linux_8_Benchmark_v1.0.1-oval.xml
xccdf_org.cisecurity.benchmarks_rule_1.1.14_Ensure_nodev_option_set_on_home_partition,,oscap oval eval --id CIS_Red_Hat_Enterprise_Linux_8_Benchmark_v1.0.1-oval.xml
xccdf_org.cisecurity.benchmarks_rule_1.1.15_Ensure_nodev_option_set_on_devshm_partition,,oscap oval eval --id CIS_Red_Hat_Enterprise_Linux_8_Benchmark_v1.0.1-oval.xml
xccdf_org.cisecurity.benchmarks_rule_1.1.16_Ensure_nosuid_option_set_on_devshm_partition,,oscap oval eval --id CIS_Red_Hat_Enterprise_Linux_8_Benchmark_v1.0.1-oval.xml
xccdf_org.cisecurity.benchmarks_rule_1.1.17_Ensure_noexec_option_set_on_devshm_partition,,oscap oval eval --id CIS_Red_Hat_Enterprise_Linux_8_Benchmark_v1.0.1-oval.xml
xccdf_org.cisecurity.benchmarks_rule_1.1.18_Ensure_nodev_option_set_on_removable_media_partitions,,
xccdf_org.cisecurity.benchmarks_rule_1.1.19_Ensure_nosuid_option_set_on_removable_media_partitions,,
xccdf_org.cisecurity.benchmarks_rule_1.1.20_Ensure_noexec_option_set_on_removable_media_partitions,,
xccdf_org.cisecurity.benchmarks_rule_1.1.21_Ensure_sticky_bit_is_set_on_all_world-writable_directories,,
xccdf_org.cisecurity.benchmarks_rule_1.1.22_Disable_Automounting,,oscap oval eval --id CIS_Red_Hat_Enterprise_Linux_8_Benchmark_v1.0.1-oval.xml
xccdf_org.cisecurity.benchmarks_rule_1.1.23_Disable_USB_Storage,,oscap oval eval --id CIS_Red_Hat_Enterprise_Linux_8_Benchmark_v1.0.1-oval.xml && oscap oval eval --id CIS_Red_Hat_Enterprise_Linux_8_Benchmark_v1.0.1-oval.xml
xccdf_org.cisecurity.benchmarks_rule_1.2.1_Ensure_Red_Hat_Subscription_Manager_connection_is_configured,,
xccdf_org.cisecurity.benchmarks_rule_1.2.2_Disable_the_rhnsd_Daemon,,
xccdf_org.cisecurity.benchmarks_rule_1.2.3_Ensure_GPG_keys_are_configured,,
xccdf_org.cisecurity.benchmarks_rule_1.2.4_Ensure_gpgcheck_is_globally_activated,,oscap oval eval --id CIS_Red_Hat_Enterprise_Linux_8_Benchmark_v1.0.1-oval.xml && oscap oval eval --id CIS_Red_Hat_Enterprise_Linux_8_Benchmark_v1.0.1-oval.xml && oscap oval eval --id CIS_Red_Hat_Enterprise_Linux_8_Benchmark_v1.0.1-oval.xml
xccdf_org.cisecurity.benchmarks_rule_1.2.5_Ensure_package_manager_repositories_are_configured,,
xccdf_org.cisecurity.benchmarks_rule_1.3.1_Ensure_sudo_is_installed,,oscap oval eval --id CIS_Red_Hat_Enterprise_Linux_8_Benchmark_v1.0.1-oval.xml
xccdf_org.cisecurity.benchmarks_rule_1.3.2_Ensure_sudo_commands_use_pty,,oscap oval eval --id CIS_Red_Hat_Enterprise_Linux_8_Benchmark_v1.0.1-oval.xml && oscap oval eval --id CIS_Red_Hat_Enterprise_Linux_8_Benchmark_v1.0.1-oval.xml
xccdf_org.cisecurity.benchmarks_rule_1.3.3_Ensure_sudo_log_file_exists,,oscap oval eval --id CIS_Red_Hat_Enterprise_Linux_8_Benchmark_v1.0.1-oval.xml && oscap oval eval --id CIS_Red_Hat_Enterprise_Linux_8_Benchmark_v1.0.1-oval.xml
xccdf_org.cisecurity.benchmarks_rule_1.4.1_Ensure_AIDE_is_installed,,oscap oval eval --id CIS_Red_Hat_Enterprise_Linux_8_Benchmark_v1.0.1-oval.xml
xccdf_org.cisecurity.benchmarks_rule_1.4.2_Ensure_filesystem_integrity_is_regularly_checked,,oscap oval eval --id CIS_Red_Hat_Enterprise_Linux_8_Benchmark_v1.0.1-oval.xml && oscap oval eval --id CIS_Red_Hat_Enterprise_Linux_8_Benchmark_v1.0.1-oval.xml && oscap oval eval --id CIS_Red_Hat_Enterprise_Linux_8_Benchmark_v1.0.1-oval.xml && oscap oval eval --id CIS_Red_Hat_Enterprise_Linux_8_Benchmark_v1.0.1-oval.xml && oscap oval eval --id CIS_Red_Hat_Enterprise_Linux_8_Benchmark_v1.0.1-oval.xml && oscap oval eval --id CIS_Red_Hat_Enterprise_Linux_8_Benchmark_v1.0.1-oval.xml && oscap oval eval --id CIS_Red_Hat_Enterprise_Linux_8_Benchmark_v1.0.1-oval.xml && oscap oval eval --id CIS_Red_Hat_Enterprise_Linux_8_Benchmark_v1.0.1-oval.xml && oscap oval eval --id CIS_Red_Hat_Enterprise_Linux_8_Benchmark_v1.0.1-oval.xml && oscap oval eval --id CIS_Red_Hat_Enterprise_Linux_8_Benchmark_v1.0.1-oval.xml && oscap oval eval --id CIS_Red_Hat_Enterprise_Linux_8_Benchmark_v1.0.1-oval.xml
xccdf_org.cisecurity.benchmarks_rule_1.5.1_Ensure_permissions_on_bootloader_config_are_configured,,
xccdf_org.cisecurity.benchmarks_rule_1.5.2_Ensure_bootloader_password_is_set,,
xccdf_org.cisecurity.benchmarks_rule_1.5.3_Ensure_authentication_required_for_single_user_mode,,oscap oval eval --id CIS_Red_Hat_Enterprise_Linux_8_Benchmark_v1.0.1-oval.xml && oscap oval eval --id CIS_Red_Hat_Enterprise_Linux_8_Benchmark_v1.0.1-oval.xml
xccdf_org.cisecurity.benchmarks_rule_1.6.1_Ensure_core_dumps_are_restricted,,oscap oval eval --id CIS_Red_Hat_Enterprise_Linux_8_Benchmark_v1.0.1-oval.xml && oscap oval eval --id CIS_Red_Hat_Enterprise_Linux_8_Benchmark_v1.0.1-oval.xml && oscap oval eval --id CIS_Red_Hat_Enterprise_Linux_8_Benchmark_v1.0.1-oval.xml && oscap oval eval --id CIS_Red_Hat_Enterprise_Linux_8_Benchmark_v1.0.1-oval.xml
xccdf_org.cisecurity.benchmarks_rule_1.6.2_Ensure_address_space_layout_randomization_ASLR_is_enabled,,oscap oval eval --id CIS_Red_Hat_Enterprise_Linux_8_Benchmark_v1.0.1-oval.xml && oscap oval eval --id CIS_Red_Hat_Enterprise_Linux_8_Benchmark_v1.0.1-oval.xml && oscap oval eval --id CIS_Red_Hat_Enterprise_Linux_8_Benchmark_v1.0.1-oval.xml && oscap oval eval --id CIS_Red_Hat_Enterprise_Linux_8_Benchmark_v1.0.1-oval.xml
xccdf_org.cisecurity.benchmarks_rule_1.7.1.1_Ensure_SELinux_is_installed,,oscap oval eval --id CIS_Red_Hat_Enterprise_Linux_8_Benchmark_v1.0.1-oval.xml
xccdf_org.cisecurity.benchmarks_rule_1.7.1.2_Ensure_SELinux_is_not_disabled_in_bootloader_configuration,,oscap oval eval --id CIS_Red_Hat_Enterprise_Linux_8_Benchmark_v1.0.1-oval.xml && oscap oval eval --id CIS_Red_Hat_Enterprise_Linux_8_Benchmark_v1.0.1-oval.xml
xccdf_org.cisecurity.benchmarks_rule_1.7.1.3_Ensure_SELinux_policy_is_configured,,oscap oval eval --id CIS_Red_Hat_Enterprise_Linux_8_Benchmark_v1.0.1-oval.xml
xccdf_org.cisecurity.benchmarks_rule_1.7.1.4_Ensure_the_SELinux_state_is_enforcing,,oscap oval eval --id CIS_Red_Hat_Enterprise_Linux_8_Benchmark_v1.0.1-oval.xml
xccdf_org.cisecurity.benchmarks_rule_1.7.1.5_Ensure_no_unconfined_services_exist,,
xccdf_org.cisecurity.benchmarks_rule_1.7.1.6_Ensure_SETroubleshoot_is_not_installed,,oscap oval eval --id CIS_Red_Hat_Enterprise_Linux_8_Benchmark_v1.0.1-oval.xml
xccdf_org.cisecurity.benchmarks_rule_1.7.1.7_Ensure_the_MCS_Translation_Service_mcstrans_is_not_installed,,oscap oval eval --id CIS_Red_Hat_Enterprise_Linux_8_Benchmark_v1.0.1-oval.xml
xccdf_org.cisecurity.benchmarks_rule_1.8.1.1_Ensure_message_of_the_day_is_configured_properly,,
xccdf_org.cisecurity.benchmarks_rule_1.8.1.2_Ensure_local_login_warning_banner_is_configured_properly,,oscap oval eval --id CIS_Red_Hat_Enterprise_Linux_8_Benchmark_v1.0.1-oval.xml
xccdf_org.cisecurity.benchmarks_rule_1.8.1.3_Ensure_remote_login_warning_banner_is_configured_properly,,oscap oval eval --id CIS_Red_Hat_Enterprise_Linux_8_Benchmark_v1.0.1-oval.xml
xccdf_org.cisecurity.benchmarks_rule_1.8.1.4_Ensure_permissions_on_etcmotd_are_configured,,oscap oval eval --id CIS_Red_Hat_Enterprise_Linux_8_Benchmark_v1.0.1-oval.xml && oscap oval eval --id CIS_Red_Hat_Enterprise_Linux_8_Benchmark_v1.0.1-oval.xml
xccdf_org.cisecurity.benchmarks_rule_1.8.1.5_Ensure_permissions_on_etcissue_are_configured,,oscap oval eval --id CIS_Red_Hat_Enterprise_Linux_8_Benchmark_v1.0.1-oval.xml
xccdf_org.cisecurity.benchmarks_rule_1.8.1.6_Ensure_permissions_on_etcissue.net_are_configured,,oscap oval eval --id CIS_Red_Hat_Enterprise_Linux_8_Benchmark_v1.0.1-oval.xml
xccdf_org.cisecurity.benchmarks_rule_1.8.2_Ensure_GDM_login_banner_is_configured,,oscap oval eval --id CIS_Red_Hat_Enterprise_Linux_8_Benchmark_v1.0.1-oval.xml && oscap oval eval --id CIS_Red_Hat_Enterprise_Linux_8_Benchmark_v1.0.1-oval.xml && oscap oval eval --id CIS_Red_Hat_Enterprise_Linux_8_Benchmark_v1.0.1-oval.xml && oscap oval eval --id CIS_Red_Hat_Enterprise_Linux_8_Benchmark_v1.0.1-oval.xml
xccdf_org.cisecurity.benchmarks_rule_1.9_Ensure_updates_patches_and_additional_security_software_are_installed,,
xccdf_org.cisecurity.benchmarks_rule_1.10_Ensure_system-wide_crypto_policy_is_not_legacy,,oscap oval eval --id CIS_Red_Hat_Enterprise_Linux_8_Benchmark_v1.0.1-oval.xml
xccdf_org.cisecurity.benchmarks_rule_1.11_Ensure_system-wide_crypto_policy_is_FUTURE_or_FIPS,,oscap oval eval --id CIS_Red_Hat_Enterprise_Linux_8_Benchmark_v1.0.1-oval.xml
xccdf_org.cisecurity.benchmarks_rule_2.1.1_Ensure_xinetd_is_not_installed,,oscap oval eval --id CIS_Red_Hat_Enterprise_Linux_8_Benchmark_v1.0.1-oval.xml
xccdf_org.cisecurity.benchmarks_rule_2.2.1.1_Ensure_time_synchronization_is_in_use,,oscap oval eval --id CIS_Red_Hat_Enterprise_Linux_8_Benchmark_v1.0.1-oval.xml
xccdf_org.cisecurity.benchmarks_rule_2.2.1.2_Ensure_chrony_is_configured,,oscap oval eval --id CIS_Red_Hat_Enterprise_Linux_8_Benchmark_v1.0.1-oval.xml && oscap oval eval --id CIS_Red_Hat_Enterprise_Linux_8_Benchmark_v1.0.1-oval.xml && oscap oval eval --id CIS_Red_Hat_Enterprise_Linux_8_Benchmark_v1.0.1-oval.xml
xccdf_org.cisecurity.benchmarks_rule_2.2.2_Ensure_X_Window_System_is_not_installed,,oscap oval eval --id CIS_Red_Hat_Enterprise_Linux_8_Benchmark_v1.0.1-oval.xml
xccdf_org.cisecurity.benchmarks_rule_2.2.3_Ensure_rsync_service_is_not_enabled,,oscap oval eval --id CIS_Red_Hat_Enterprise_Linux_8_Benchmark_v1.0.1-oval.xml
xccdf_org.cisecurity.benchmarks_rule_2.2.4_Ensure_Avahi_Server_is_not_enabled,,oscap oval eval --id CIS_Red_Hat_Enterprise_Linux_8_Benchmark_v1.0.1-oval.xml && oscap oval eval --id CIS_Red_Hat_Enterprise_Linux_8_Benchmark_v1.0.1-oval.xml
xccdf_org.cisecurity.benchmarks_rule_2.2.5_Ensure_SNMP_Server_is_not_enabled,,oscap oval eval --id CIS_Red_Hat_Enterprise_Linux_8_Benchmark_v1.0.1-oval.xml
xccdf_org.cisecurity.benchmarks_rule_2.2.6_Ensure_HTTP_Proxy_Server_is_not_enabled,,oscap oval eval --id CIS_Red_Hat_Enterprise_Linux_8_Benchmark_v1.0.1-oval.xml
xccdf_org.cisecurity.benchmarks_rule_2.2.7_Ensure_Samba_is_not_enabled,,oscap oval eval --id CIS_Red_Hat_Enterprise_Linux_8_Benchmark_v1.0.1-oval.xml
xccdf_org.cisecurity.benchmarks_rule_2.2.8_Ensure_IMAP_and_POP3_server_is_not_enabled,,oscap oval eval --id CIS_Red_Hat_Enterprise_Linux_8_Benchmark_v1.0.1-oval.xml
xccdf_org.cisecurity.benchmarks_rule_2.2.9_Ensure_HTTP_server_is_not_enabled,,oscap oval eval --id CIS_Red_Hat_Enterprise_Linux_8_Benchmark_v1.0.1-oval.xml
xccdf_org.cisecurity.benchmarks_rule_2.2.10_Ensure_FTP_Server_is_not_enabled,,oscap oval eval --id CIS_Red_Hat_Enterprise_Linux_8_Benchmark_v1.0.1-oval.xml
xccdf_org.cisecurity.benchmarks_rule_2.2.11_Ensure_DNS_Server_is_not_enabled,,oscap oval eval --id CIS_Red_Hat_Enterprise_Linux_8_Benchmark_v1.0.1-oval.xml
xccdf_org.cisecurity.benchmarks_rule_2.2.12_Ensure_NFS_is_not_enabled,,oscap oval eval --id CIS_Red_Hat_Enterprise_Linux_8_Benchmark_v1.0.1-oval.xml
xccdf_org.cisecurity.benchmarks_rule_2.2.13_Ensure__RPC_is_not_enabled,,oscap oval eval --id CIS_Red_Hat_Enterprise_Linux_8_Benchmark_v1.0.1-oval.xml
xccdf_org.cisecurity.benchmarks_rule_2.2.14_Ensure_LDAP_server_is_not_enabled,,oscap oval eval --id CIS_Red_Hat_Enterprise_Linux_8_Benchmark_v1.0.1-oval.xml
xccdf_org.cisecurity.benchmarks_rule_2.2.15_Ensure_DHCP_Server_is_not_enabled,,oscap oval eval --id CIS_Red_Hat_Enterprise_Linux_8_Benchmark_v1.0.1-oval.xml
xccdf_org.cisecurity.benchmarks_rule_2.2.16_Ensure_CUPS_is_not_enabled,,oscap oval eval --id CIS_Red_Hat_Enterprise_Linux_8_Benchmark_v1.0.1-oval.xml
xccdf_org.cisecurity.benchmarks_rule_2.2.17_Ensure_NIS_Server_is_not_enabled,,oscap oval eval --id CIS_Red_Hat_Enterprise_Linux_8_Benchmark_v1.0.1-oval.xml
xccdf_org.cisecurity.benchmarks_rule_2.2.18_Ensure_mail_transfer_agent_is_configured_for_local-only_mode,,oscap oval eval --id CIS_Red_Hat_Enterprise_Linux_8_Benchmark_v1.0.1-oval.xml
xccdf_org.cisecurity.benchmarks_rule_2.3.1_Ensure_NIS_Client_is_not_installed,,oscap oval eval --id CIS_Red_Hat_Enterprise_Linux_8_Benchmark_v1.0.1-oval.xml
xccdf_org.cisecurity.benchmarks_rule_2.3.2_Ensure_telnet_client_is_not_installed,,oscap oval eval --id CIS_Red_Hat_Enterprise_Linux_8_Benchmark_v1.0.1-oval.xml
xccdf_org.cisecurity.benchmarks_rule_2.3.3_Ensure_LDAP_client_is_not_installed,,oscap oval eval --id CIS_Red_Hat_Enterprise_Linux_8_Benchmark_v1.0.1-oval.xml
xccdf_org.cisecurity.benchmarks_rule_3.1.1_Ensure_IP_forwarding_is_disabled,,
xccdf_org.cisecurity.benchmarks_rule_3.1.2_Ensure_packet_redirect_sending_is_disabled,,
xccdf_org.cisecurity.benchmarks_rule_3.2.1_Ensure_source_routed_packets_are_not_accepted,,
xccdf_org.cisecurity.benchmarks_rule_3.2.2_Ensure_ICMP_redirects_are_not_accepted,,
xccdf_org.cisecurity.benchmarks_rule_3.2.3_Ensure_secure_ICMP_redirects_are_not_accepted,,
xccdf_org.cisecurity.benchmarks_rule_3.2.4_Ensure_suspicious_packets_are_logged,,
xccdf_org.cisecurity.benchmarks_rule_3.2.5_Ensure_broadcast_ICMP_requests_are_ignored,,
xccdf_org.cisecurity.benchmarks_rule_3.2.6_Ensure_bogus_ICMP_responses_are_ignored,,
xccdf_org.cisecurity.benchmarks_rule_3.2.7_Ensure_Reverse_Path_Filtering_is_enabled,,
xccdf_org.cisecurity.benchmarks_rule_3.2.8_Ensure_TCP_SYN_Cookies_is_enabled,,
xccdf_org.cisecurity.benchmarks_rule_3.2.9_Ensure_IPv6_router_advertisements_are_not_accepted,,
xccdf_org.cisecurity.benchmarks_rule_3.3.1_Ensure_DCCP_is_disabled,,oscap oval eval --id CIS_Red_Hat_Enterprise_Linux_8_Benchmark_v1.0.1-oval.xml && oscap oval eval --id CIS_Red_Hat_Enterprise_Linux_8_Benchmark_v1.0.1-oval.xml
xccdf_org.cisecurity.benchmarks_rule_3.3.2_Ensure_SCTP_is_disabled,,oscap oval eval --id CIS_Red_Hat_Enterprise_Linux_8_Benchmark_v1.0.1-oval.xml && oscap oval eval --id CIS_Red_Hat_Enterprise_Linux_8_Benchmark_v1.0.1-oval.xml
xccdf_org.cisecurity.benchmarks_rule_3.3.3_Ensure_RDS_is_disabled,,oscap oval eval --id CIS_Red_Hat_Enterprise_Linux_8_Benchmark_v1.0.1-oval.xml && oscap oval eval --id CIS_Red_Hat_Enterprise_Linux_8_Benchmark_v1.0.1-oval.xml
xccdf_org.cisecurity.benchmarks_rule_3.3.4_Ensure_TIPC_is_disabled,,oscap oval eval --id CIS_Red_Hat_Enterprise_Linux_8_Benchmark_v1.0.1-oval.xml && oscap oval eval --id CIS_Red_Hat_Enterprise_Linux_8_Benchmark_v1.0.1-oval.xml
xccdf_org.cisecurity.benchmarks_rule_3.4.1.1_Ensure_a_Firewall_package_is_installed,,oscap oval eval --id CIS_Red_Hat_Enterprise_Linux_8_Benchmark_v1.0.1-oval.xml && oscap oval eval --id CIS_Red_Hat_Enterprise_Linux_8_Benchmark_v1.0.1-oval.xml && oscap oval eval --id CIS_Red_Hat_Enterprise_Linux_8_Benchmark_v1.0.1-oval.xml && oscap oval eval --id CIS_Red_Hat_Enterprise_Linux_8_Benchmark_v1.0.1-oval.xml
xccdf_org.cisecurity.benchmarks_rule_3.4.2.1_Ensure_firewalld_service_is_enabled_and_running,,oscap oval eval --id CIS_Red_Hat_Enterprise_Linux_8_Benchmark_v1.0.1-oval.xml
xccdf_org.cisecurity.benchmarks_rule_3.4.2.2_Ensure_iptables_service_is_not_enabled_with_firewalld,,oscap oval eval --id CIS_Red_Hat_Enterprise_Linux_8_Benchmark_v1.0.1-oval.xml
xccdf_org.cisecurity.benchmarks_rule_3.4.2.3_Ensure_nftables_is_not_enabled_with_firewalld,,oscap oval eval --id CIS_Red_Hat_Enterprise_Linux_8_Benchmark_v1.0.1-oval.xml && oscap oval eval --id CIS_Red_Hat_Enterprise_Linux_8_Benchmark_v1.0.1-oval.xml
xccdf_org.cisecurity.benchmarks_rule_3.4.2.4_Ensure_firewalld_default_zone_is_set,,oscap oval eval --id CIS_Red_Hat_Enterprise_Linux_8_Benchmark_v1.0.1-oval.xml
xccdf_org.cisecurity.benchmarks_rule_3.4.2.5_Ensure_network_interfaces_are_assigned_to_appropriate_zone,,
xccdf_org.cisecurity.benchmarks_rule_3.4.2.6_Ensure_firewalld_drops_unnecessary_services_and_ports,,
xccdf_org.cisecurity.benchmarks_rule_3.4.3.1_Ensure_iptables_are_flushed_with_nftables,,
xccdf_org.cisecurity.benchmarks_rule_3.4.3.2_Ensure_an_nftables_table_exists,,
xccdf_org.cisecurity.benchmarks_rule_3.4.3.3_Ensure_nftables_base_chains_exist,,
xccdf_org.cisecurity.benchmarks_rule_3.4.3.4_Ensure_nftables_loopback_traffic_is_configured,,
xccdf_org.cisecurity.benchmarks_rule_3.4.3.5_Ensure_nftables_outbound_and_established_connections_are_configured,,
xccdf_org.cisecurity.benchmarks_rule_3.4.3.6_Ensure_nftables_default_deny_firewall_policy,,
xccdf_org.cisecurity.benchmarks_rule_3.4.3.7_Ensure_nftables_service_is_enabled,,oscap oval eval --id CIS_Red_Hat_Enterprise_Linux_8_Benchmark_v1.0.1-oval.xml
xccdf_org.cisecurity.benchmarks_rule_3.4.3.8_Ensure_nftables_rules_are_permanent,,oscap oval eval --id CIS_Red_Hat_Enterprise_Linux_8_Benchmark_v1.0.1-oval.xml
xccdf_org.cisecurity.benchmarks_rule_3.4.4.1.1_Ensure_iptables_default_deny_firewall_policy,,
xccdf_org.cisecurity.benchmarks_rule_3.4.4.1.2_Ensure_iptables_loopback_traffic_is_configured,,
xccdf_org.cisecurity.benchmarks_rule_3.4.4.1.3_Ensure_iptables_outbound_and_established_connections_are_configured,,
xccdf_org.cisecurity.benchmarks_rule_3.4.4.1.4_Ensure_iptables_firewall_rules_exist_for_all_open_ports,,
xccdf_org.cisecurity.benchmarks_rule_3.4.4.1.5_Ensure_iptables_is_enabled_and_active,,oscap oval eval --id CIS_Red_Hat_Enterprise_Linux_8_Benchmark_v1.0.1-oval.xml && oscap oval eval --id CIS_Red_Hat_Enterprise_Linux_8_Benchmark_v1.0.1-oval.xml
xccdf_org.cisecurity.benchmarks_rule_3.4.4.2.1_Ensure_ip6tables_default_deny_firewall_policy,,
xccdf_org.cisecurity.benchmarks_rule_3.4.4.2.2_Ensure_ip6tables_loopback_traffic_is_configured,,
xccdf_org.cisecurity.benchmarks_rule_3.4.4.2.3_Ensure_ip6tables_outbound_and_established_connections_are_configured,,
xccdf_org.cisecurity.benchmarks_rule_3.4.4.2.4_Ensure_ip6tables_firewall_rules_exist_for_all_open_ports,,
xccdf_org.cisecurity.benchmarks_rule_3.4.4.2.5_Ensure_ip6tables_is_enabled_and_active,,oscap oval eval --id CIS_Red_Hat_Enterprise_Linux_8_Benchmark_v1.0.1-oval.xml && oscap oval eval --id CIS_Red_Hat_Enterprise_Linux_8_Benchmark_v1.0.1-oval.xml
xccdf_org.cisecurity.benchmarks_rule_3.5_Ensure_wireless_interfaces_are_disabled,,
xccdf_org.cisecurity.benchmarks_rule_3.6_Disable_IPv6,,
xccdf_org.cisecurity.benchmarks_rule_4.1.1.1_Ensure_auditd_is_installed,,oscap oval eval --id CIS_Red_Hat_Enterprise_Linux_8_Benchmark_v1.0.1-oval.xml && oscap oval eval --id CIS_Red_Hat_Enterprise_Linux_8_Benchmark_v1.0.1-oval.xml
xccdf_org.cisecurity.benchmarks_rule_4.1.1.2_Ensure_auditd_service_is_enabled,,oscap oval eval --id CIS_Red_Hat_Enterprise_Linux_8_Benchmark_v1.0.1-oval.xml
xccdf_org.cisecurity.benchmarks_rule_4.1.1.3_Ensure_auditing_for_processes_that_start_prior_to_auditd_is_enabled,,oscap oval eval --id CIS_Red_Hat_Enterprise_Linux_8_Benchmark_v1.0.1-oval.xml
xccdf_org.cisecurity.benchmarks_rule_4.1.1.4_Ensure_audit_backlog_limit_is_sufficient,,oscap oval eval --id CIS_Red_Hat_Enterprise_Linux_8_Benchmark_v1.0.1-oval.xml
xccdf_org.cisecurity.benchmarks_rule_4.1.2.1_Ensure_audit_log_storage_size_is_configured,,oscap oval eval --id CIS_Red_Hat_Enterprise_Linux_8_Benchmark_v1.0.1-oval.xml
xccdf_org.cisecurity.benchmarks_rule_4.1.2.2_Ensure_audit_logs_are_not_automatically_deleted,,oscap oval eval --id CIS_Red_Hat_Enterprise_Linux_8_Benchmark_v1.0.1-oval.xml
xccdf_org.cisecurity.benchmarks_rule_4.1.2.3_Ensure_system_is_disabled_when_audit_logs_are_full,,oscap oval eval --id CIS_Red_Hat_Enterprise_Linux_8_Benchmark_v1.0.1-oval.xml && oscap oval eval --id CIS_Red_Hat_Enterprise_Linux_8_Benchmark_v1.0.1-oval.xml && oscap oval eval --id CIS_Red_Hat_Enterprise_Linux_8_Benchmark_v1.0.1-oval.xml
xccdf_org.cisecurity.benchmarks_rule_4.1.3_Ensure_changes_to_system_administration_scope_sudoers_is_collected,,
xccdf_org.cisecurity.benchmarks_rule_4.1.4_Ensure_login_and_logout_events_are_collected,,
xccdf_org.cisecurity.benchmarks_rule_4.1.5_Ensure_session_initiation_information_is_collected,,
xccdf_org.cisecurity.benchmarks_rule_4.1.6_Ensure_events_that_modify_date_and_time_information_are_collected,,
xccdf_org.cisecurity.benchmarks_rule_4.1.7_Ensure_events_that_modify_the_systems_Mandatory_Access_Controls_are_collected,,
xccdf_org.cisecurity.benchmarks_rule_4.1.8_Ensure_events_that_modify_the_systems_network_environment_are_collected,,
xccdf_org.cisecurity.benchmarks_rule_4.1.9_Ensure_discretionary_access_control_permission_modification_events_are_collected,,
xccdf_org.cisecurity.benchmarks_rule_4.1.10_Ensure_unsuccessful_unauthorized_file_access_attempts_are_collected,,
xccdf_org.cisecurity.benchmarks_rule_4.1.11_Ensure_events_that_modify_usergroup_information_are_collected,,
xccdf_org.cisecurity.benchmarks_rule_4.1.12_Ensure_successful_file_system_mounts_are_collected,,
xccdf_org.cisecurity.benchmarks_rule_4.1.13_Ensure_use_of_privileged_commands_is_collected,,
xccdf_org.cisecurity.benchmarks_rule_4.1.14_Ensure_file_deletion_events_by_users_are_collected,,
xccdf_org.cisecurity.benchmarks_rule_4.1.15_Ensure_kernel_module_loading_and_unloading_is_collected,,
xccdf_org.cisecurity.benchmarks_rule_4.1.16_Ensure_system_administrator_actions_sudolog_are_collected,,
xccdf_org.cisecurity.benchmarks_rule_4.1.17_Ensure_the_audit_configuration_is_immutable,,
xccdf_org.cisecurity.benchmarks_rule_4.2.1.1_Ensure_rsyslog_is_installed,,oscap oval eval --id CIS_Red_Hat_Enterprise_Linux_8_Benchmark_v1.0.1-oval.xml
xccdf_org.cisecurity.benchmarks_rule_4.2.1.2_Ensure_rsyslog_Service_is_enabled,,oscap oval eval --id CIS_Red_Hat_Enterprise_Linux_8_Benchmark_v1.0.1-oval.xml
xccdf_org.cisecurity.benchmarks_rule_4.2.1.3_Ensure_rsyslog_default_file_permissions_configured,,oscap oval eval --id CIS_Red_Hat_Enterprise_Linux_8_Benchmark_v1.0.1-oval.xml && oscap oval eval --id CIS_Red_Hat_Enterprise_Linux_8_Benchmark_v1.0.1-oval.xml
xccdf_org.cisecurity.benchmarks_rule_4.2.1.4_Ensure_logging_is_configured,,
xccdf_org.cisecurity.benchmarks_rule_4.2.1.5_Ensure_rsyslog_is_configured_to_send_logs_to_a_remote_log_host,,oscap oval eval --id CIS_Red_Hat_Enterprise_Linux_8_Benchmark_v1.0.1-oval.xml && oscap oval eval --id CIS_Red_Hat_Enterprise_Linux_8_Benchmark_v1.0.1-oval.xml
xccdf_org.cisecurity.benchmarks_rule_4.2.1.6_Ensure_remote_rsyslog_messages_are_only_accepted_on_designated_log_hosts.,,
xccdf_org.cisecurity.benchmarks_rule_4.2.2.1_Ensure_journald_is_configured_to_send_logs_to_rsyslog,,oscap oval eval --id CIS_Red_Hat_Enterprise_Linux_8_Benchmark_v1.0.1-oval.xml
xccdf_org.cisecurity.benchmarks_rule_4.2.2.2_Ensure_journald_is_configured_to_compress_large_log_files,,oscap oval eval --id CIS_Red_Hat_Enterprise_Linux_8_Benchmark_v1.0.1-oval.xml
xccdf_org.cisecurity.benchmarks_rule_4.2.2.3_Ensure_journald_is_configured_to_write_logfiles_to_persistent_disk,,oscap oval eval --id CIS_Red_Hat_Enterprise_Linux_8_Benchmark_v1.0.1-oval.xml
xccdf_org.cisecurity.benchmarks_rule_4.2.3_Ensure_permissions_on_all_logfiles_are_configured,,oscap oval eval --id CIS_Red_Hat_Enterprise_Linux_8_Benchmark_v1.0.1-oval.xml
xccdf_org.cisecurity.benchmarks_rule_4.3_Ensure_logrotate_is_configured,,
xccdf_org.cisecurity.benchmarks_rule_5.1.1_Ensure_cron_daemon_is_enabled,,oscap oval eval --id CIS_Red_Hat_Enterprise_Linux_8_Benchmark_v1.0.1-oval.xml
xccdf_org.cisecurity.benchmarks_rule_5.1.2_Ensure_permissions_on_etccrontab_are_configured,,oscap oval eval --id CIS_Red_Hat_Enterprise_Linux_8_Benchmark_v1.0.1-oval.xml
xccdf_org.cisecurity.benchmarks_rule_5.1.3_Ensure_permissions_on_etccron.hourly_are_configured,,oscap oval eval --id CIS_Red_Hat_Enterprise_Linux_8_Benchmark_v1.0.1-oval.xml
xccdf_org.cisecurity.benchmarks_rule_5.1.4_Ensure_permissions_on_etccron.daily_are_configured,,oscap oval eval --id CIS_Red_Hat_Enterprise_Linux_8_Benchmark_v1.0.1-oval.xml
xccdf_org.cisecurity.benchmarks_rule_5.1.5_Ensure_permissions_on_etccron.weekly_are_configured,,oscap oval eval --id CIS_Red_Hat_Enterprise_Linux_8_Benchmark_v1.0.1-oval.xml
xccdf_org.cisecurity.benchmarks_rule_5.1.6_Ensure_permissions_on_etccron.monthly_are_configured,,oscap oval eval --id CIS_Red_Hat_Enterprise_Linux_8_Benchmark_v1.0.1-oval.xml
xccdf_org.cisecurity.benchmarks_rule_5.1.7_Ensure_permissions_on_etccron.d_are_configured,,oscap oval eval --id CIS_Red_Hat_Enterprise_Linux_8_Benchmark_v1.0.1-oval.xml
xccdf_org.cisecurity.benchmarks_rule_5.1.8_Ensure_atcron_is_restricted_to_authorized_users,,oscap oval eval --id CIS_Red_Hat_Enterprise_Linux_8_Benchmark_v1.0.1-oval.xml && oscap oval eval --id CIS_Red_Hat_Enterprise_Linux_8_Benchmark_v1.0.1-oval.xml && oscap oval eval --id CIS_Red_Hat_Enterprise_Linux_8_Benchmark_v1.0.1-oval.xml && oscap oval eval --id CIS_Red_Hat_Enterprise_Linux_8_Benchmark_v1.0.1-oval.xml
xccdf_org.cisecurity.benchmarks_rule_5.2.1_Ensure_permissions_on_etcsshsshd_config_are_configured,,oscap oval eval --id CIS_Red_Hat_Enterprise_Linux_8_Benchmark_v1.0.1-oval.xml && oscap oval eval --id CIS_Red_Hat_Enterprise_Linux_8_Benchmark_v1.0.1-oval.xml
xccdf_org.cisecurity.benchmarks_rule_5.2.2_Ensure_SSH_access_is_limited,,oscap oval eval --id CIS_Red_Hat_Enterprise_Linux_8_Benchmark_v1.0.1-oval.xml && oscap oval eval --id CIS_Red_Hat_Enterprise_Linux_8_Benchmark_v1.0.1-oval.xml
xccdf_org.cisecurity.benchmarks_rule_5.2.3_Ensure_permissions_on_SSH_private_host_key_files_are_configured,,oscap oval eval --id CIS_Red_Hat_Enterprise_Linux_8_Benchmark_v1.0.1-oval.xml && oscap oval eval --id CIS_Red_Hat_Enterprise_Linux_8_Benchmark_v1.0.1-oval.xml
xccdf_org.cisecurity.benchmarks_rule_5.2.4_Ensure_permissions_on_SSH_public_host_key_files_are_configured,,oscap oval eval --id CIS_Red_Hat_Enterprise_Linux_8_Benchmark_v1.0.1-oval.xml && oscap oval eval --id CIS_Red_Hat_Enterprise_Linux_8_Benchmark_v1.0.1-oval.xml
xccdf_org.cisecurity.benchmarks_rule_5.2.5_Ensure_SSH_LogLevel_is_appropriate,,oscap oval eval --id CIS_Red_Hat_Enterprise_Linux_8_Benchmark_v1.0.1-oval.xml && oscap oval eval --id CIS_Red_Hat_Enterprise_Linux_8_Benchmark_v1.0.1-oval.xml
xccdf_org.cisecurity.benchmarks_rule_5.2.6_Ensure_SSH_X11_forwarding_is_disabled,,oscap oval eval --id CIS_Red_Hat_Enterprise_Linux_8_Benchmark_v1.0.1-oval.xml && oscap oval eval --id CIS_Red_Hat_Enterprise_Linux_8_Benchmark_v1.0.1-oval.xml
xccdf_org.cisecurity.benchmarks_rule_5.2.7_Ensure_SSH_MaxAuthTries_is_set_to_4_or_less,,oscap oval eval --id CIS_Red_Hat_Enterprise_Linux_8_Benchmark_v1.0.1-oval.xml && oscap oval eval --id CIS_Red_Hat_Enterprise_Linux_8_Benchmark_v1.0.1-oval.xml
xccdf_org.cisecurity.benchmarks_rule_5.2.8_Ensure_SSH_IgnoreRhosts_is_enabled,,oscap oval eval --id CIS_Red_Hat_Enterprise_Linux_8_Benchmark_v1.0.1-oval.xml && oscap oval eval --id CIS_Red_Hat_Enterprise_Linux_8_Benchmark_v1.0.1-oval.xml
xccdf_org.cisecurity.benchmarks_rule_5.2.9_Ensure_SSH_HostbasedAuthentication_is_disabled,,oscap oval eval --id CIS_Red_Hat_Enterprise_Linux_8_Benchmark_v1.0.1-oval.xml && oscap oval eval --id CIS_Red_Hat_Enterprise_Linux_8_Benchmark_v1.0.1-oval.xml
xccdf_org.cisecurity.benchmarks_rule_5.2.10_Ensure_SSH_root_login_is_disabled,,oscap oval eval --id CIS_Red_Hat_Enterprise_Linux_8_Benchmark_v1.0.1-oval.xml && oscap oval eval --id CIS_Red_Hat_Enterprise_Linux_8_Benchmark_v1.0.1-oval.xml
xccdf_org.cisecurity.benchmarks_rule_5.2.11_Ensure_SSH_PermitEmptyPasswords_is_disabled,,oscap oval eval --id CIS_Red_Hat_Enterprise_Linux_8_Benchmark_v1.0.1-oval.xml && oscap oval eval --id CIS_Red_Hat_Enterprise_Linux_8_Benchmark_v1.0.1-oval.xml
xccdf_org.cisecurity.benchmarks_rule_5.2.12_Ensure_SSH_PermitUserEnvironment_is_disabled,,oscap oval eval --id CIS_Red_Hat_Enterprise_Linux_8_Benchmark_v1.0.1-oval.xml && oscap oval eval --id CIS_Red_Hat_Enterprise_Linux_8_Benchmark_v1.0.1-oval.xml
xccdf_org.cisecurity.benchmarks_rule_5.2.13_Ensure_SSH_Idle_Timeout_Interval_is_configured,,oscap oval eval --id CIS_Red_Hat_Enterprise_Linux_8_Benchmark_v1.0.1-oval.xml && oscap oval eval --id CIS_Red_Hat_Enterprise_Linux_8_Benchmark_v1.0.1-oval.xml && oscap oval eval --id CIS_Red_Hat_Enterprise_Linux_8_Benchmark_v1.0.1-oval.xml
xccdf_org.cisecurity.benchmarks_rule_5.2.14_Ensure_SSH_LoginGraceTime_is_set_to_one_minute_or_less,,oscap oval eval --id CIS_Red_Hat_Enterprise_Linux_8_Benchmark_v1.0.1-oval.xml && oscap oval eval --id CIS_Red_Hat_Enterprise_Linux_8_Benchmark_v1.0.1-oval.xml
xccdf_org.cisecurity.benchmarks_rule_5.2.15_Ensure_SSH_warning_banner_is_configured,,oscap oval eval --id CIS_Red_Hat_Enterprise_Linux_8_Benchmark_v1.0.1-oval.xml
xccdf_org.cisecurity.benchmarks_rule_5.2.16_Ensure_SSH_PAM_is_enabled,,oscap oval eval --id CIS_Red_Hat_Enterprise_Linux_8_Benchmark_v1.0.1-oval.xml && oscap oval eval --id CIS_Red_Hat_Enterprise_Linux_8_Benchmark_v1.0.1-oval.xml
xccdf_org.cisecurity.benchmarks_rule_5.2.17_Ensure_SSH_AllowTcpForwarding_is_disabled,,oscap oval eval --id CIS_Red_Hat_Enterprise_Linux_8_Benchmark_v1.0.1-oval.xml && oscap oval eval --id CIS_Red_Hat_Enterprise_Linux_8_Benchmark_v1.0.1-oval.xml
xccdf_org.cisecurity.benchmarks_rule_5.2.18_Ensure_SSH_MaxStartups_is_configured,,oscap oval eval --id CIS_Red_Hat_Enterprise_Linux_8_Benchmark_v1.0.1-oval.xml && oscap oval eval --id CIS_Red_Hat_Enterprise_Linux_8_Benchmark_v1.0.1-oval.xml
xccdf_org.cisecurity.benchmarks_rule_5.2.19_Ensure_SSH_MaxSessions_is_set_to_4_or_less,,oscap oval eval --id CIS_Red_Hat_Enterprise_Linux_8_Benchmark_v1.0.1-oval.xml && oscap oval eval --id CIS_Red_Hat_Enterprise_Linux_8_Benchmark_v1.0.1-oval.xml
xccdf_org.cisecurity.benchmarks_rule_5.2.20_Ensure_system-wide_crypto_policy_is_not_over-ridden,,oscap oval eval --id CIS_Red_Hat_Enterprise_Linux_8_Benchmark_v1.0.1-oval.xml && oscap oval eval --id CIS_Red_Hat_Enterprise_Linux_8_Benchmark_v1.0.1-oval.xml
xccdf_org.cisecurity.benchmarks_rule_5.3.1_Create_custom_authselect_profile,,oscap oval eval --id CIS_Red_Hat_Enterprise_Linux_8_Benchmark_v1.0.1-oval.xml
xccdf_org.cisecurity.benchmarks_rule_5.3.2_Select_authselect_profile,,oscap oval eval --id CIS_Red_Hat_Enterprise_Linux_8_Benchmark_v1.0.1-oval.xml
xccdf_org.cisecurity.benchmarks_rule_5.3.3_Ensure_authselect_includes_with-faillock,,oscap oval eval --id CIS_Red_Hat_Enterprise_Linux_8_Benchmark_v1.0.1-oval.xml
xccdf_org.cisecurity.benchmarks_rule_5.4.1_Ensure_password_creation_requirements_are_configured,,oscap oval eval --id CIS_Red_Hat_Enterprise_Linux_8_Benchmark_v1.0.1-oval.xml && oscap oval eval --id CIS_Red_Hat_Enterprise_Linux_8_Benchmark_v1.0.1-oval.xml && oscap oval eval --id CIS_Red_Hat_Enterprise_Linux_8_Benchmark_v1.0.1-oval.xml
xccdf_org.cisecurity.benchmarks_rule_5.4.2_Ensure_lockout_for_failed_password_attempts_is_configured,,oscap oval eval --id CIS_Red_Hat_Enterprise_Linux_8_Benchmark_v1.0.1-oval.xml && oscap oval eval --id CIS_Red_Hat_Enterprise_Linux_8_Benchmark_v1.0.1-oval.xml && oscap oval eval --id CIS_Red_Hat_Enterprise_Linux_8_Benchmark_v1.0.1-oval.xml && oscap oval eval --id CIS_Red_Hat_Enterprise_Linux_8_Benchmark_v1.0.1-oval.xml
xccdf_org.cisecurity.benchmarks_rule_5.4.3_Ensure_password_reuse_is_limited,,oscap oval eval --id CIS_Red_Hat_Enterprise_Linux_8_Benchmark_v1.0.1-oval.xml
xccdf_org.cisecurity.benchmarks_rule_5.4.4_Ensure_password_hashing_algorithm_is_SHA-512,,oscap oval eval --id CIS_Red_Hat_Enterprise_Linux_8_Benchmark_v1.0.1-oval.xml && oscap oval eval --id CIS_Red_Hat_Enterprise_Linux_8_Benchmark_v1.0.1-oval.xml
xccdf_org.cisecurity.benchmarks_rule_5.5.1.1_Ensure_password_expiration_is_365_days_or_less,,oscap oval eval --id CIS_Red_Hat_Enterprise_Linux_8_Benchmark_v1.0.1-oval.xml && oscap oval eval --id CIS_Red_Hat_Enterprise_Linux_8_Benchmark_v1.0.1-oval.xml
xccdf_org.cisecurity.benchmarks_rule_5.5.1.2_Ensure_minimum_days_between_password_changes_is_7_or_more,,oscap oval eval --id CIS_Red_Hat_Enterprise_Linux_8_Benchmark_v1.0.1-oval.xml && oscap oval eval --id CIS_Red_Hat_Enterprise_Linux_8_Benchmark_v1.0.1-oval.xml
xccdf_org.cisecurity.benchmarks_rule_5.5.1.3_Ensure_password_expiration_warning_days_is_7_or_more,,oscap oval eval --id CIS_Red_Hat_Enterprise_Linux_8_Benchmark_v1.0.1-oval.xml && oscap oval eval --id CIS_Red_Hat_Enterprise_Linux_8_Benchmark_v1.0.1-oval.xml
xccdf_org.cisecurity.benchmarks_rule_5.5.1.4_Ensure_inactive_password_lock_is_30_days_or_less,,oscap oval eval --id CIS_Red_Hat_Enterprise_Linux_8_Benchmark_v1.0.1-oval.xml && oscap oval eval --id CIS_Red_Hat_Enterprise_Linux_8_Benchmark_v1.0.1-oval.xml
xccdf_org.cisecurity.benchmarks_rule_5.5.1.5_Ensure_all_users_last_password_change_date_is_in_the_past,,oscap oval eval --id CIS_Red_Hat_Enterprise_Linux_8_Benchmark_v1.0.1-oval.xml
xccdf_org.cisecurity.benchmarks_rule_5.5.2_Ensure_system_accounts_are_secured,,oscap oval eval --id CIS_Red_Hat_Enterprise_Linux_8_Benchmark_v1.0.1-oval.xml
xccdf_org.cisecurity.benchmarks_rule_5.5.3_Ensure_default_user_shell_timeout_is_900_seconds_or_less,,
xccdf_org.cisecurity.benchmarks_rule_5.5.4_Ensure_default_group_for_the_root_account_is_GID_0,,oscap oval eval --id CIS_Red_Hat_Enterprise_Linux_8_Benchmark_v1.0.1-oval.xml
xccdf_org.cisecurity.benchmarks_rule_5.5.5_Ensure_default_user_umask_is_027_or_more_restrictive,,oscap oval eval --id CIS_Red_Hat_Enterprise_Linux_8_Benchmark_v1.0.1-oval.xml && oscap oval eval --id CIS_Red_Hat_Enterprise_Linux_8_Benchmark_v1.0.1-oval.xml && oscap oval eval --id CIS_Red_Hat_Enterprise_Linux_8_Benchmark_v1.0.1-oval.xml && oscap oval eval --id CIS_Red_Hat_Enterprise_Linux_8_Benchmark_v1.0.1-oval.xml && oscap oval eval --id CIS_Red_Hat_Enterprise_Linux_8_Benchmark_v1.0.1-oval.xml && oscap oval eval --id CIS_Red_Hat_Enterprise_Linux_8_Benchmark_v1.0.1-oval.xml && oscap oval eval --id CIS_Red_Hat_Enterprise_Linux_8_Benchmark_v1.0.1-oval.xml && oscap oval eval --id CIS_Red_Hat_Enterprise_Linux_8_Benchmark_v1.0.1-oval.xml && oscap oval eval --id CIS_Red_Hat_Enterprise_Linux_8_Benchmark_v1.0.1-oval.xml && oscap oval eval --id CIS_Red_Hat_Enterprise_Linux_8_Benchmark_v1.0.1-oval.xml && oscap oval eval --id CIS_Red_Hat_Enterprise_Linux_8_Benchmark_v1.0.1-oval.xml
xccdf_org.cisecurity.benchmarks_rule_5.6_Ensure_root_login_is_restricted_to_system_console,,
xccdf_org.cisecurity.benchmarks_rule_5.7_Ensure_access_to_the_su_command_is_restricted,,oscap oval eval --id CIS_Red_Hat_Enterprise_Linux_8_Benchmark_v1.0.1-oval.xml
xccdf_org.cisecurity.benchmarks_rule_6.1.1_Audit_system_file_permissions,,
xccdf_org.cisecurity.benchmarks_rule_6.1.2_Ensure_permissions_on_etcpasswd_are_configured,,oscap oval eval --id CIS_Red_Hat_Enterprise_Linux_8_Benchmark_v1.0.1-oval.xml
xccdf_org.cisecurity.benchmarks_rule_6.1.3_Ensure_permissions_on_etcpasswd-_are_configured,,oscap oval eval --id CIS_Red_Hat_Enterprise_Linux_8_Benchmark_v1.0.1-oval.xml
xccdf_org.cisecurity.benchmarks_rule_6.1.4_Ensure_permissions_on_etcshadow_are_configured,,oscap oval eval --id CIS_Red_Hat_Enterprise_Linux_8_Benchmark_v1.0.1-oval.xml
xccdf_org.cisecurity.benchmarks_rule_6.1.5_Ensure_permissions_on_etcshadow-_are_configured,,oscap oval eval --id CIS_Red_Hat_Enterprise_Linux_8_Benchmark_v1.0.1-oval.xml
xccdf_org.cisecurity.benchmarks_rule_6.1.6_Ensure_permissions_on_etcgshadow_are_configured,,oscap oval eval --id CIS_Red_Hat_Enterprise_Linux_8_Benchmark_v1.0.1-oval.xml
xccdf_org.cisecurity.benchmarks_rule_6.1.7_Ensure_permissions_on_etcgshadow-_are_configured,,oscap oval eval --id CIS_Red_Hat_Enterprise_Linux_8_Benchmark_v1.0.1-oval.xml
xccdf_org.cisecurity.benchmarks_rule_6.1.8_Ensure_permissions_on_etcgroup_are_configured,,oscap oval eval --id CIS_Red_Hat_Enterprise_Linux_8_Benchmark_v1.0.1-oval.xml
xccdf_org.cisecurity.benchmarks_rule_6.1.9_Ensure_permissions_on_etcgroup-_are_configured,,oscap oval eval --id CIS_Red_Hat_Enterprise_Linux_8_Benchmark_v1.0.1-oval.xml
xccdf_org.cisecurity.benchmarks_rule_6.1.10_Ensure_no_world_writable_files_exist,,
xccdf_org.cisecurity.benchmarks_rule_6.1.11_Ensure_no_unowned_files_or_directories_exist,,
xccdf_org.cisecurity.benchmarks_rule_6.1.12_Ensure_no_ungrouped_files_or_directories_exist,,
xccdf_org.cisecurity.benchmarks_rule_6.1.13_Audit_SUID_executables,,
xccdf_org.cisecurity.benchmarks_rule_6.1.14_Audit_SGID_executables,,
xccdf_org.cisecurity.benchmarks_rule_6.2.1_Ensure_password_fields_are_not_empty,,oscap oval eval --id CIS_Red_Hat_Enterprise_Linux_8_Benchmark_v1.0.1-oval.xml
xccdf_org.cisecurity.benchmarks_rule_6.2.2_Ensure_no_legacy__entries_exist_in_etcpasswd,,oscap oval eval --id CIS_Red_Hat_Enterprise_Linux_8_Benchmark_v1.0.1-oval.xml
xccdf_org.cisecurity.benchmarks_rule_6.2.3_Ensure_root_PATH_Integrity,,
xccdf_org.cisecurity.benchmarks_rule_6.2.4_Ensure_no_legacy__entries_exist_in_etcshadow,,oscap oval eval --id CIS_Red_Hat_Enterprise_Linux_8_Benchmark_v1.0.1-oval.xml
xccdf_org.cisecurity.benchmarks_rule_6.2.5_Ensure_no_legacy__entries_exist_in_etcgroup,,oscap oval eval --id CIS_Red_Hat_Enterprise_Linux_8_Benchmark_v1.0.1-oval.xml
xccdf_org.cisecurity.benchmarks_rule_6.2.6_Ensure_root_is_the_only_UID_0_account,,oscap oval eval --id CIS_Red_Hat_Enterprise_Linux_8_Benchmark_v1.0.1-oval.xml
xccdf_org.cisecurity.benchmarks_rule_6.2.7_Ensure_users_home_directories_permissions_are_750_or_more_restrictive,,
xccdf_org.cisecurity.benchmarks_rule_6.2.8_Ensure_users_own_their_home_directories,,
xccdf_org.cisecurity.benchmarks_rule_6.2.9_Ensure_users_dot_files_are_not_group_or_world_writable,,
xccdf_org.cisecurity.benchmarks_rule_6.2.10_Ensure_no_users_have_.forward_files,,
xccdf_org.cisecurity.benchmarks_rule_6.2.11_Ensure_no_users_have_.netrc_files,,
xccdf_org.cisecurity.benchmarks_rule_6.2.12_Ensure_users_.netrc_Files_are_not_group_or_world_accessible,,
xccdf_org.cisecurity.benchmarks_rule_6.2.13_Ensure_no_users_have_.rhosts_files,,
xccdf_org.cisecurity.benchmarks_rule_6.2.14_Ensure_all_groups_in_etcpasswd_exist_in_etcgroup,,
xccdf_org.cisecurity.benchmarks_rule_6.2.15_Ensure_no_duplicate_UIDs_exist,,oscap oval eval --id CIS_Red_Hat_Enterprise_Linux_8_Benchmark_v1.0.1-oval.xml
xccdf_org.cisecurity.benchmarks_rule_6.2.16_Ensure_no_duplicate_GIDs_exist,,oscap oval eval --id CIS_Red_Hat_Enterprise_Linux_8_Benchmark_v1.0.1-oval.xml
xccdf_org.cisecurity.benchmarks_rule_6.2.17_Ensure_no_duplicate_user_names_exist,,oscap oval eval --id CIS_Red_Hat_Enterprise_Linux_8_Benchmark_v1.0.1-oval.xml
xccdf_org.cisecurity.benchmarks_rule_6.2.18_Ensure_no_duplicate_group_names_exist,,oscap oval eval --id CIS_Red_Hat_Enterprise_Linux_8_Benchmark_v1.0.1-oval.xml
xccdf_org.cisecurity.benchmarks_rule_6.2.19_Ensure_shadow_group_is_empty,,oscap oval eval --id CIS_Red_Hat_Enterprise_Linux_8_Benchmark_v1.0.1-oval.xml
xccdf_org.cisecurity.benchmarks_rule_6.2.20_Ensure_all_users_home_directories_exist,,
